wave,id,unit_hot_tub,status,evidence
B6-Yes,88,Yes,manual,"Sinya on Lone Man Creek — private cowboy/jacuzzi hot tub on back deck (hillcountrysinya.com/outside). Sage description also states private hot tub."
B6-Yes,10269,Yes,manual,"Sinya single safari tent row — same private deck hot tub as property amenity (hillcountrysinya.com)."
B6-Yes,10282,Yes,manual,"Open Sky Star Seeker — ensuite freestanding copper soaking tub / spa tub (stayopensky.com/accommodations). Correct prior No."
B6-Yes,9800,Yes,manual,"Stay Nantahala Tranquil Haven Luxury Yurt — site marketing “with Hot Tub”; VRBO/private deck hot tub; FAQ each luxury yurt has hot tub."
B6-Yes,9801,Yes,manual,"Stay Nantahala Creekside Cove Luxury Yurt — site title “w/Hot Tub”; FAQ each luxury yurt includes private hot tub."
B6-Yes,10886,Yes,manual,"Onera Wimberley Spyglass/Greenhouse inventory — each unit private cedar hot tub (stayonera.com). Sage description: each with private hot tubs. Correct prior No."
B6-Yes,11591,Yes,manual,"Boonies Farm luxury dome tents — private wood-fired hot tubs (riversandroutes / operator marketing)."
B6-Yes,10346,Yes,manual,"The Glamping Collective Ultra Luxe Dome — private deck hot tub (theglampingcollective.com). Sibling Accessible Ultra Luxe already Yes. Correct prior No."
B6-Yes,10344,Yes,manual,"Asheville Glamping Mountain View Dome — Sage description: each featuring hot tubs; aligns with Luxe Dome private deck tub product line. Correct prior No."
