property_name,city,state,unit_type,url,match_status
Sunrise Campsites,Sedalia,CO,A Frame,https://www.hipcamp.com/en-GB/land/colorado-sunrise-campsites-9mxhkz7v,net_new_candidate
SB Mountain Cabin Rentals,Running Springs,CA,A Frame,https://www.hipcamp.com/en-GB/land/california-get-lost-inn-cabin-rentals-3pw1hm2d,net_new_candidate
Trailhead Cabins and Lodging,Meeker,CO,A Frame,https://www.hipcamp.com/en-US/land/colorado-trailhead-cabins-and-lodging-nelh9x5v,net_new_candidate
Yogi Bear's Jellystone Park™ Camp-Resort: Western New York,North Java,NY,A Frame,https://www.hipcamp.com/en-US/land/new-york-jellystone-park-western-new-york-7rvhdppk,net_new_candidate
HTR Door County,Egg Harbor,WI,A Frame,https://www.hipcamp.com/en-GB/land/wisconsin-htr-door-county-1xmhp755,net_new_candidate
Appalachian Retreat Camp,Newport,OH,A Frame,https://www.hipcamp.com/en-GB/land/ohio-appalachian-retreat-v1qh9r59,net_new_candidate
First Feather,Henrico,VA,A Frame,https://www.hipcamp.com/en-US/land/virginia-first-feather-xryh6vjx,net_new_candidate
In The Pines #1,Forks,WA,A Frame,https://www.hipcamp.com/en-GB/land/washington-in-the-pines-1-1-ozxh1loo,net_new_candidate
Nolla A-Frames Near Yosemite,Colfax Springs,CA,A Frame,https://www.hipcamp.com/en-GB/land/california-lillaskog-a-frames-near-yosemite-v1qhzdl7,already_in_sage_name_state
Spectacular A-Frame. Epic views!!,Wofford Heights,CA,A Frame,https://www.hipcamp.com/en-GB/land/california-spectacular-autumn-a-frame-views-qeohlqoz,net_new_candidate
The Hohnstead,Bonner,MT,A Frame,https://www.hipcamp.com/en-US/land/montana-the-hohnstead-ozxh91e2,net_new_candidate
Maine Guide Company,Carmel,ME,A Frame,https://www.hipcamp.com/en-GB/land/maine-maine-guide-company-2ejh6own,already_in_sage_name_state
Willenborg Woods,Charleston,IL,A Frame,https://www.hipcamp.com/en-GB/land/illinois-willenborg-woods-y0zhqem8,already_in_sage_name_state
Tammy Reeves,Joshua Tree,CA,A Frame,https://www.hipcamp.com/en-GB/land/california-tammy-reeves-xryh0919,net_new_candidate
Camping at Heritage Farms,Peninsula,OH,A Frame,https://www.hipcamp.com/en-GB/land/ohio-camping-at-heritage-farms-88lhoom2,net_new_candidate
Mountain A-Frame 30 min Ski El Dora,Black Hawk,CO,A Frame,https://www.hipcamp.com/en-GB/land/colorado-mountain-a-frame-dw9hljdm,net_new_candidate
A Promise to Gaia/Garden Of One,Rensselaerville,NY,A Frame,https://www.hipcamp.com/en-GB/land/new-york-a-promise-to-gaia-garden-of-one-4nelhzdd,net_new_candidate
Good Creek Meadows,Olney,MT,A Frame,https://www.hipcamp.com/en-GB/land/montana-good-creek-meadows-2ejhzmq1,already_in_sage_name_state
Noble Pine Campground,Mammoth Cave,KY,A Frame,https://www.hipcamp.com/en-GB/land/kentucky-noble-pine-campground-2ejhzln8,already_in_sage_name_state
On The Lake RV Resort,Onalaska,TX,A Frame,https://www.hipcamp.com/en-US/land/texas-on-the-lake-rv-resort-ozxhmm5e,net_new_candidate
Slippery Slope Cabin,Ruidoso,NM,A Frame,https://www.hipcamp.com/en-US/land/new-mexico-slippery-slope-cabin-kk9hypj6,net_new_candidate
Clover Cabin,Sisters,OR,A Frame,https://www.hipcamp.com/en-GB/land/oregon-clover-cabin-wz6hmnnx,net_new_candidate
The Point,Gouldsboro,ME,A Frame,https://www.hipcamp.com/en-GB/land/maine-the-point-2-06yh6pjk,net_new_candidate
Glamping At Fall Creek Retreats,Purlear,NC,A Frame,https://www.hipcamp.com/en-GB/land/north-carolina-fall-creek-retreats-lz9h5v91,net_new_candidate
Caney Fork Hunter Fisher Paradise,Gordonsville,TN,A Frame,https://www.hipcamp.com/en-US/land/tennessee-hillside-hideaway-tn-kk9hkjvl,net_new_candidate
Cozy A-Frames and Camp Vibes in NY,Canandaigua,NY,A Frame,https://www.hipcamp.com/en-GB/land/new-york-peaceful-finger-lakes-retreat-pw1hokl1,net_new_candidate
Mystic Meadow Farm Glamping.,Madison,NC,A Frame,https://www.hipcamp.com/en-GB/land/north-carolina-mystic-meadow-love-shack-dw9h6vl8,net_new_candidate
Punkin Hollow Resort,Stanton,KY,A Frame,https://www.hipcamp.com/en-GB/land/kentucky-punkin-hollow-resort-ex9h5q6d,already_in_sage_name_state
Carpathia West,Hewitt,NJ,A Frame,https://www.hipcamp.com/en-US/land/new-jersey-carpathia-west-zwjhz0kp,net_new_candidate
Redwood Basin,Soquel,CA,A Frame,https://www.hipcamp.com/en-GB/land/california-redwood-basin-6p0h86xo,net_new_candidate
Black Magic AFrame,Frazier Park,CA,A Frame,https://www.hipcamp.com/en-GB/land/california-black-magic-aframe-lz9hlj2r,net_new_candidate
Huckleberry Holmes,Gold Bar,WA,A Frame,https://www.hipcamp.com/en-US/land/washington-huckleberry-holmes-r57hkjoz,net_new_candidate
Sunset  Ridge,Geneva,WA,A Frame,https://www.hipcamp.com/en-US/land/washington-sunset-ridge-2-pw1hox1p,net_new_candidate
Schellraiser,Mc Gill,NV,A Frame,https://www.hipcamp.com/en-GB/land/nevada-schellraiser-9mxhwdny,already_in_sage_name_state
Bentonville Bike Camp,Bentonville,AR,A Frame,https://www.hipcamp.com/en-GB/land/arkansas-bentonville-bike-camp-pw1h1v65,already_in_sage_name_state
Stergelandia,Angelica,NY,A Frame,https://www.hipcamp.com/en-GB/land/new-york-stergelandia-r57ho59d,net_new_candidate
GlampVentures | river + hike +kayak,White Pine,TN,A Frame,https://www.hipcamp.com/en-GB/land/tennessee-glampventures-nolichucky-river-mxvhzrx5,net_new_candidate
A-Frames at Callicoon Hills,Roscoe,NY,A Frame,https://www.hipcamp.com/en-US/land/new-york-callicoon-hills-ex9hlkd8,net_new_candidate
A-Frame glamping w/opening wall,Atkinson,NC,A Frame,https://www.hipcamp.com/en-GB/land/north-carolina-glamping-a-frame-w-opening-wall-r57h5vm0,net_new_candidate
Myhyda Way,Port Angeles,WA,A Frame,https://www.hipcamp.com/en-GB/land/washington-myhyda-way-dw9hk581,net_new_candidate
Divide Nature Camp,Joseph,OR,A Frame,https://www.hipcamp.com/en-GB/land/oregon-divide-camp-pw1h6yow,net_new_candidate
Cabin On Toroda Creek,Wauconda,WA,A Frame,https://www.hipcamp.com/en-GB/land/washington-cabin-on-toroda-creek-kk9hrvlv,net_new_candidate
Tiny A-Frame on Cascade River,Marblemount,WA,A Frame,https://www.hipcamp.com/en-US/land/washington-tiny-a-frame-on-cascade-river-mxvhxnee,net_new_candidate
Mountain View Camping,Templeton,PA,A Frame,https://www.hipcamp.com/en-GB/land/pennsylvania-mountain-view-camping-4-kk9hnx2l,net_new_candidate
The Charmadillo: Glamping Resort,Center Point,TX,A Frame,https://www.hipcamp.com/en-GB/land/texas-the-charmadillo-glamping-resort-wz6hreyv,net_new_candidate
Arnold Cabin,Arnold,CA,A Frame,https://www.hipcamp.com/en-US/land/california-arnold-cabin-7rvhmooy,net_new_candidate
Crystal Ranch,Golden,CO,A Frame,https://www.hipcamp.com/en-GB/land/colorado-crystal-ranch-v1qh97yx,already_in_sage_name_state
Piney Hills Campground,Mauk,GA,A Frame,https://www.hipcamp.com/en-GB/land/georgia-piney-hills-campground-lz9ho5ww,already_in_sage_name_state
Trace Space KY,Wellington,KY,A Frame,https://www.hipcamp.com/en-GB/land/kentucky-trace-space-ky-1-9mxh1dn9,net_new_candidate
Ellea Pine Camps,Malone,NY,A Frame,https://www.hipcamp.com/en-GB/land/new-york-ellea-pine-camps-gzwjhk86,net_new_candidate
The Farm at Heirloomista,North Branch,MN,A Frame,https://www.hipcamp.com/en-US/land/minnesota-the-farm-at-heirloomista-3qeohwo5,net_new_candidate
Pine Brook Retreat,Hooksett,NH,A Frame,https://www.hipcamp.com/en-US/land/new-hampshire-pine-brook-retreat-88lhlp1e,net_new_candidate
JCO Campground at Lee Baysden Pond,Chinquapin,NC,A Frame,https://www.hipcamp.com/en-GB/land/north-carolina-jco-campground-at-lee-baysden-pond-5x5h7rov,net_new_candidate
Sunflower Ranch Camping,Ellsworth,ME,A Frame,https://www.hipcamp.com/en-GB/land/maine-sunflower-ranch-camping-qeoh6125,net_new_candidate
Lake Hartwell A-Frame Cabin,Fair Play,SC,A Frame,https://www.hipcamp.com/en-US/land/south-carolina-lake-hartwell-a-frame-cabin-y0zh6pd7,net_new_candidate
Happy Hollow Homestead,Marengo,IN,A Frame,https://www.hipcamp.com/en-GB/land/indiana-happy-hollow-homestead-3pw1hmxd,already_in_sage_name_state
Tranquil Acres,Quilcene,WA,A Frame,https://www.hipcamp.com/en-GB/land/washington-it-s-a-king-thing-6p0h2v1q,net_new_candidate
Cedar Bloom,Cave Junction,OR,A Frame,https://www.hipcamp.com/en-GB/land/oregon-cedar-bloom-3ex9h798,net_new_candidate
Bear Woods Resort,Bear Lake,MI,A Frame,https://www.hipcamp.com/en-GB/land/michigan-bear-woods-resort-6p0hq505,net_new_candidate
Tiny A-Frame W/ Heat/AC & Hot Tub,Newfoundland,PA,A Frame,https://www.hipcamp.com/en-GB/land/pennsylvania-cozy-tiny-a-frame-cabin-w-electric-j29hwpk2,net_new_candidate
Solstice Farms,Loomis,CA,A Frame,https://www.hipcamp.com/en-GB/land/california-solstice-farms-06yh9z61,already_in_sage_name_state
The Magnolia,Columbus,TX,A Frame,https://www.hipcamp.com/en-GB/land/texas-the-magnolia-9mxhww61,net_new_candidate
The Ridge at Stanley Gap,Blue Ridge,GA,A Frame,https://www.hipcamp.com/en-GB/land/georgia-the-ridge-at-stanley-gap-9mxhzddj,already_in_sage_name_state
Meadow Hot Springs Glamping Cabin,Alma,CO,A Frame,https://www.hipcamp.com/en-GB/land/colorado-meadow-hot-springs-glamping-cabin-pw1he1em,net_new_candidate
22 West Cabins & Recreation,Walden,CO,A Frame,https://www.hipcamp.com/en-GB/land/colorado-22-west-cabins-recreation-r57h2qpy,already_in_sage_name_state
The EH frame,Fountain Run,KY,A Frame,https://www.hipcamp.com/en-GB/land/kentucky-the-eh-frame-2-6p0hq608,net_new_candidate
South Fork River Cabin,Carlton,GA,A Frame,https://www.hipcamp.com/en-GB/land/georgia-south-fork-river-cabin-nelhrr1q,net_new_candidate
The Hulett Motel,Hulett,WY,A Frame,https://www.hipcamp.com/en-US/land/wyoming-the-hulett-motel-2ejh8rqd,net_new_candidate
Sacred Nature Sanctuary,Captain Cook,HI,A Frame,https://www.hipcamp.com/en-GB/land/california-hestia-magic-v1qhnz89,net_new_candidate
Rustic Resort at the Farm,,PA,A Frame,https://www.hipcamp.com/en-GB/land/pennsylvania-rustic-resort-at-the-farm-y0zhw065,net_new_candidate
Upper Shire Campsites Hudson Valley,Hillsdale,NY,A Frame,https://www.hipcamp.com/en-GB/land/new-york-upper-shire-campsites-hudson-valley-wz6hrwyl,net_new_candidate
Star Ranch,Palmdale,CA,A Frame,https://www.hipcamp.com/en-GB/land/california-star-ranch-1-pw1hemmd,net_new_candidate
Magpie and Jaebird's Little A-frame,Bellingham,MA,A Frame,https://www.hipcamp.com/en-GB/land/massachusetts-magpie-and-jaebird-s-little-a-frame-4nelhyxj,net_new_candidate
Midtown Mountain Campground and RV,Ruidoso,NM,A Frame,https://www.hipcamp.com/en-GB/land/new-mexico-midtown-mountain-campground-and-rv-j29h8j20,net_new_candidate
ᕼIᗪᗪEᑎ ᗩᑕᖇEᔕ ᗰOᑌᑎTᗩIᑎ ᑕᗩᗰᑭIᑎG,Balsam Grove,NC,A Frame,https://www.hipcamp.com/en-GB/land/north-carolina-hidden-acres-mountain-camping-6p0hqk85,net_new_candidate
Cozy A-Frame Cabin Camping,Oriental,NC,A Frame,https://www.hipcamp.com/en-GB/land/north-carolina-cozy-a-frame-cabin-camping-v1qh7ory,net_new_candidate
SiloSide Barn and Homestead,Barnet,VT,A Frame,https://www.hipcamp.com/en-GB/land/vermont-siloside-barn-and-homestead-1xmh16w5,net_new_candidate
The Big Pine Ranch,Canton,TX,A Frame,https://www.hipcamp.com/en-US/land/texas-the-big-pine-ranch-6p0hxl6q,net_new_candidate
Grandview Camp @ Lemon Lane Farm,Grandview,TN,A Frame,https://www.hipcamp.com/en-GB/land/tennessee-grandview-camp-lemon-lane-farm-nelhwedx,net_new_candidate
Field Trip NM,,NM,A Frame,https://www.hipcamp.com/en-GB/land/new-mexico-field-trip-nm-6p0h7d18,net_new_candidate
Sleepy Hollow Campground,Grantsville,MD,A Frame,https://www.hipcamp.com/en-GB/land/maryland-sleepy-hollow-campground-zwjhvw2w,net_new_candidate
Robyn M.’s Land,Tamms,IL,A Frame,https://www.hipcamp.com/en-GB/land/illinois-robyn-m-s-land-1-y0zhwyo7,net_new_candidate
Mountain Meadow Glamp Camp,Alma,CO,A Frame,https://www.hipcamp.com/en-GB/land/colorado-mountain-meadow-glamp-camp-9mxhk7vm,net_new_candidate
Twin Peaks By The Lakes Retreat,Harrison,MI,A Frame,https://www.hipcamp.com/en-GB/land/michigan-wick-wack-nack-shacks-1xmhppj2,net_new_candidate
Taborton Harvest,Sand Lake,NY,A Frame,https://www.hipcamp.com/en-GB/land/new-york-taborton-harvest-nelh1jq1,net_new_candidate
Nature's Nest,Au Gres,MI,A Frame,https://www.hipcamp.com/en-GB/land/michigan-nature-s-nest-1-dw9hlorw,net_new_candidate
River Rock Farm,Hardy,AR,A Frame,https://www.hipcamp.com/en-GB/land/arkansas-river-rock-farm-ozxhj159,net_new_candidate
The Wildflower On Abrams Creek,Elk Garden,WV,A Frame,https://www.hipcamp.com/en-GB/land/west-virginia-the-wildflower-on-abrams-creek-1-mxvhp2yj,net_new_candidate
Pete Sang Lub,Parthenon,AR,A Frame,https://www.hipcamp.com/en-GB/land/arkansas-pete-sang-lub-nelhlnn2,net_new_candidate
Straydog Property,Skowhegan,ME,A Frame,https://www.hipcamp.com/en-GB/land/maine-straydog-property-r57h22x9,net_new_candidate
Little Arnold A-Frame,Arnold,CA,A Frame,https://www.hipcamp.com/en-GB/land/california-little-arnold-a-frame-glz9h0o2,net_new_candidate
Compass Rose Campgrounds,Ripley,NY,A Frame,https://www.hipcamp.com/en-GB/land/new-york-compass-rose-campgrounds-lz9h6rkr,net_new_candidate
Berkshire Beech House,Monroe,MA,A Frame,https://www.hipcamp.com/en-GB/land/massachusetts-berkshire-beech-house-06yhpe2z,net_new_candidate
Fish and Fiddle Cabin and RV Sites,Sparta,NC,A Frame,https://www.hipcamp.com/en-US/land/north-carolina-fish-and-fiddle-cabin-and-rv-sites-zwjhzeev,net_new_candidate
Nason Ridge Hummingbird Retreat,Leavenworth,WA,A Frame,https://www.hipcamp.com/en-GB/land/washington-nason-ridge-hummingbird-retreat-y0zhzmyk,net_new_candidate
Nero Coffee Camping Spot,Hendersonville,NC,A Frame,https://www.hipcamp.com/en-GB/land/north-carolina-nero-coffee-camping-spot-j29hr18y,net_new_candidate
Torch Lake Stays,Alden,MI,A Frame,https://www.hipcamp.com/en-GB/land/michigan-torch-lake-stays-kk9hyml0,net_new_candidate
Wildflower Pond and Woodlands,Alachua,FL,A Frame,https://www.hipcamp.com/en-GB/land/florida-wildflower-pond-and-woodlands-ex9h8z9e,net_new_candidate
Sangre del Cosmos,Ranchos De Taos,NM,A Frame,https://www.hipcamp.com/en-GB/land/new-mexico-sangre-del-cosmos-dw9hv65x,net_new_candidate
Jemez Mountains A-Frame Cabin,Jemez Springs,NM,A Frame,https://www.hipcamp.com/en-GB/land/new-mexico-jemez-mountains-a-frame-cabin-7rvhdl02,net_new_candidate
Glamping at Smoky Hollow Resort,Sevierville,TN,A Frame,https://www.hipcamp.com/en-GB/land/tennessee-glamping-at-smoky-hollow-resort-nelhv9wj,net_new_candidate
The Spotted Sandpiper,Trumansburg,NY,A Frame,https://www.hipcamp.com/en-GB/land/new-york-the-spotted-sandpiper-lz9hd9m8,net_new_candidate
A-Frame In The Woods,Dundee,NY,A Frame,https://www.hipcamp.com/en-GB/land/new-york-a-frame-in-the-woods-1-nelh1pkn,net_new_candidate
